{
  "processed_text_count": 27,
  "total_words_processed": 264,
  "last_neural_linguistic_score": 0.6665801057402707,
  "word_frequencies": {
    "the": 21,
    "neural": 22,
    "network": 6,
    "identifies": 6,
    "patterns": 9,
    "in": 9,
    "language": 24,
    "through": 9,
    "recursive": 8,
    "analysis": 6,
    "emerge": 2,
    "from": 2,
    "repeated": 2,
    "structures": 2,
    "communication": 2,
    "networks": 2,
    "learn": 2,
    "pattern": 3,
    "recognition": 2,
    "and": 16,
    "weight": 2,
    "adjustment": 2,
    "enhanced": 4,
    "system": 14,
    "integrates": 4,
    "memory": 4,
    "consciousness": 4,
    "linguistic": 5,
    "processing": 14,
    "balances": 10,
    "between": 10,
    "model": 10,
    "capabilities": 10,
    "reflect": 1,
    "nature": 1,
    "of": 1,
    "thought": 1,
    "this": 1,
    "text": 1,
    "refers": 1,
    "to": 1,
    "itself": 2,
    "creating": 1,
    "a": 1,
    "self": 1,
    "referential": 1,
    "can": 1,
    "describe": 1,
    "meta": 1,
    "expressions": 1
  },
  "pattern_recognition": {
    "repetition_recursive": 1
  },
  "llm_pattern_recognition": {},
  "llm_weight": 0.5,
  "llm_confidence_history": [
    0.6652487794532495,
    0.7416933861643036,
    0.9205846379244231,
    0.8986660458073501,
    0.828734913993175,
    0.7201286389806008,
    0.93266673448102,
    0.60036596525638,
    0.9062330050146138,
    0.6925161500557717,
    0.9124722493042707,
    0.6040809772440495,
    0.7299762669202757,
    0.9036836933233385,
    0.7590351511310969,
    0.7526800990801426,
    0.6895635581621173,
    0.7478600251191021,
    0.8348268540409809,
    0.7659954876384375,
    0.8779273591356236,
    0.6566068160306773,
    0.8729640722033543,
    0.8206511712644565,
    0.7038770288052013,
    0.8607802812388994,
    0.6996252738752539
  ],
  "last_saved": "2025-04-14T20:46:37.849241"
}