{
  "the": {
    "neural": 9.999999999999995,
    "network": 4.0,
    "identifies": 3.0,
    "patterns": 2.8000000000000003,
    "in": 2.5,
    "enhanced": 4.0,
    "language": 3.3333333333333335,
    "system": 12.0,
    "integrates": 1.5999999999999999,
    "memory": 1.3333333333333333,
    "balances": 6.666666666666664,
    "between": 5.0,
    "processing": 3.333333333333332,
    "recursive": 1.3333333333333333,
    "reflect": 1.0,
    "nature": 0.6666666666666666,
    "of": 0.5,
    "thought": 0.4
  },
  "neural": {
    "the": 9.999999999999995,
    "network": 6.0,
    "identifies": 4.0,
    "patterns": 3.0,
    "in": 2.4,
    "language": 7.0,
    "networks": 2.0,
    "learn": 1.3333333333333333,
    "through": 1.0,
    "pattern": 0.8,
    "recognition": 0.6666666666666666,
    "system": 6.333333333333332,
    "integrates": 1.5999999999999999,
    "memory": 2.0,
    "consciousness": 2.6666666666666665,
    "and": 10.66666666666667,
    "linguistic": 4.0,
    "processing": 12.666666666666664,
    "balances": 6.666666666666664,
    "between": 10.0,
    "model": 4.000000000000001,
    "capabilities": 3.333333333333332
  },
  "network": {
    "the": 4.0,
    "neural": 6.0,
    "identifies": 6.0,
    "patterns": 4.0,
    "in": 3.0,
    "language": 2.4,
    "through": 2.0
  },
  "identifies": {
    "the": 3.0,
    "neural": 4.0,
    "network": 6.0,
    "patterns": 6.0,
    "in": 4.0,
    "language": 3.0,
    "through": 2.4,
    "recursive": 2.0
  },
  "patterns": {
    "the": 2.8000000000000003,
    "neural": 3.0,
    "network": 4.0,
    "identifies": 6.0,
    "in": 7.666666666666667,
    "language": 6.666666666666665,
    "through": 3.0,
    "recursive": 3.733333333333333,
    "analysis": 2.0,
    "emerge": 2.0,
    "from": 1.3333333333333333,
    "repeated": 1.0,
    "structures": 0.8,
    "reflect": 0.5
  },
  "in": {
    "the": 2.5,
    "neural": 2.4,
    "network": 3.0,
    "identifies": 4.0,
    "patterns": 7.666666666666667,
    "language": 7.0,
    "through": 4.0,
    "recursive": 4.066666666666667,
    "analysis": 2.4,
    "emerge": 0.8,
    "from": 1.0,
    "repeated": 1.3333333333333333,
    "structures": 2.0,
    "communication": 2.0,
    "reflect": 0.6666666666666666,
    "nature": 0.3333333333333333
  },
  "language": {
    "neural": 7.0,
    "network": 2.4,
    "identifies": 3.0,
    "patterns": 6.666666666666665,
    "in": 7.0,
    "through": 6.4,
    "recursive": 5.0,
    "analysis": 3.0,
    "emerge": 1.3333333333333333,
    "from": 1.0,
    "repeated": 0.8,
    "structures": 0.6666666666666666,
    "the": 3.3333333333333335,
    "enhanced": 4.0,
    "system": 4.0,
    "integrates": 2.6666666666666665,
    "memory": 2.0,
    "consciousness": 1.5999999999999999,
    "and": 11.333333333333334,
    "balances": 3.333333333333332,
    "between": 4.000000000000001,
    "processing": 6.666666666666664,
    "model": 10.0,
    "capabilities": 6.666666666666664,
    "reflect": 1.0,
    "nature": 0.4,
    "of": 0.3333333333333333,
    "can": 1.0,
    "describe": 0.6666666666666666,
    "itself": 0.5,
    "meta": 0.3333333333333333
  },
  "through": {
    "network": 2.0,
    "identifies": 2.4,
    "patterns": 3.0,
    "in": 4.0,
    "language": 6.4,
    "recursive": 6.0,
    "analysis": 4.0,
    "neural": 1.0,
    "networks": 1.3333333333333333,
    "learn": 2.0,
    "pattern": 2.0,
    "recognition": 1.3333333333333333,
    "and": 1.0,
    "weight": 0.8,
    "adjustment": 0.6666666666666666,
    "can": 0.5,
    "describe": 0.6666666666666666,
    "itself": 1.0,
    "meta": 1.0,
    "linguistic": 0.6666666666666666,
    "expressions": 0.5
  },
  "recursive": {
    "identifies": 2.0,
    "patterns": 3.733333333333333,
    "in": 4.066666666666667,
    "language": 5.0,
    "through": 6.0,
    "analysis": 6.0,
    "reflect": 1.0666666666666667,
    "the": 1.3333333333333333,
    "nature": 1.0,
    "of": 0.6666666666666666,
    "thought": 0.5
  },
  "analysis": {
    "patterns": 2.0,
    "in": 2.4,
    "language": 3.0,
    "through": 4.0,
    "recursive": 6.0
  },
  "emerge": {
    "language": 1.3333333333333333,
    "patterns": 2.0,
    "from": 2.0,
    "repeated": 1.3333333333333333,
    "structures": 1.0,
    "in": 0.8,
    "communication": 0.6666666666666666
  },
  "from": {
    "language": 1.0,
    "patterns": 1.3333333333333333,
    "emerge": 2.0,
    "repeated": 2.0,
    "structures": 1.3333333333333333,
    "in": 1.0,
    "communication": 0.8
  },
  "repeated": {
    "language": 0.8,
    "patterns": 1.0,
    "emerge": 1.3333333333333333,
    "from": 2.0,
    "structures": 2.0,
    "in": 1.3333333333333333,
    "communication": 1.0
  },
  "structures": {
    "language": 0.6666666666666666,
    "patterns": 0.8,
    "emerge": 1.0,
    "from": 1.3333333333333333,
    "repeated": 2.0,
    "in": 2.0,
    "communication": 1.3333333333333333
  },
  "communication": {
    "emerge": 0.6666666666666666,
    "from": 0.8,
    "repeated": 1.0,
    "structures": 1.3333333333333333,
    "in": 2.0
  },
  "networks": {
    "neural": 2.0,
    "learn": 2.0,
    "through": 1.3333333333333333,
    "pattern": 1.0,
    "recognition": 0.8,
    "and": 0.6666666666666666
  },
  "learn": {
    "neural": 1.3333333333333333,
    "networks": 2.0,
    "through": 2.0,
    "pattern": 1.3333333333333333,
    "recognition": 1.0,
    "and": 0.8,
    "weight": 0.6666666666666666
  },
  "pattern": {
    "neural": 0.8,
    "networks": 1.0,
    "learn": 1.3333333333333333,
    "through": 2.0,
    "recognition": 2.0,
    "and": 1.3333333333333333,
    "weight": 1.0,
    "adjustment": 0.8,
    "itself": 0.3333333333333333,
    "creating": 0.4,
    "a": 0.5,
    "self": 0.6666666666666666,
    "referential": 1.0
  },
  "recognition": {
    "neural": 0.6666666666666666,
    "networks": 0.8,
    "learn": 1.0,
    "through": 1.3333333333333333,
    "pattern": 2.0,
    "and": 2.0,
    "weight": 1.3333333333333333,
    "adjustment": 1.0
  },
  "and": {
    "networks": 0.6666666666666666,
    "learn": 0.8,
    "through": 1.0,
    "pattern": 1.3333333333333333,
    "recognition": 2.0,
    "weight": 2.0,
    "adjustment": 1.3333333333333333,
    "language": 11.333333333333334,
    "system": 4.933333333333335,
    "integrates": 2.0,
    "memory": 2.6666666666666665,
    "consciousness": 4.0,
    "neural": 10.66666666666667,
    "linguistic": 2.6666666666666665,
    "processing": 12.0,
    "balances": 4.000000000000001,
    "between": 5.0,
    "model": 6.666666666666664,
    "capabilities": 5.0
  },
  "weight": {
    "learn": 0.6666666666666666,
    "through": 0.8,
    "pattern": 1.0,
    "recognition": 1.3333333333333333,
    "and": 2.0,
    "adjustment": 2.0
  },
  "adjustment": {
    "through": 0.6666666666666666,
    "pattern": 0.8,
    "recognition": 1.0,
    "and": 1.3333333333333333,
    "weight": 2.0
  },
  "enhanced": {
    "the": 4.0,
    "language": 4.0,
    "system": 2.6666666666666665,
    "integrates": 2.0,
    "memory": 1.5999999999999999,
    "consciousness": 1.3333333333333333
  },
  "system": {
    "the": 12.0,
    "enhanced": 2.6666666666666665,
    "language": 4.0,
    "integrates": 4.0,
    "memory": 2.6666666666666665,
    "consciousness": 2.0,
    "and": 4.933333333333335,
    "neural": 6.333333333333332,
    "balances": 10.0,
    "between": 6.666666666666664,
    "processing": 4.000000000000001
  },
  "integrates": {
    "the": 1.5999999999999999,
    "enhanced": 2.0,
    "language": 2.6666666666666665,
    "system": 4.0,
    "memory": 4.0,
    "consciousness": 2.6666666666666665,
    "and": 2.0,
    "neural": 1.5999999999999999,
    "linguistic": 1.3333333333333333
  },
  "memory": {
    "the": 1.3333333333333333,
    "enhanced": 1.5999999999999999,
    "language": 2.0,
    "system": 2.6666666666666665,
    "integrates": 4.0,
    "consciousness": 4.0,
    "and": 2.6666666666666665,
    "neural": 2.0,
    "linguistic": 1.5999999999999999,
    "processing": 1.3333333333333333
  },
  "consciousness": {
    "enhanced": 1.3333333333333333,
    "language": 1.5999999999999999,