{
  "cat": {
    "dog": 0.8260320368813803,
    "bird": 0.8303783855404157,
    "fish": 0.795791094753419,
    "elephant": 0.7863496359493944,
    "tiger": 0.8554848408233181,
    "lion": 0.7054791413271028
  },
  "dog": {
    "cat": 0.8611743467774127,
    "bird": 0.8584179124371061,
    "fish": 0.7504782726305853,
    "elephant": 0.7398514354132666,
    "tiger": 0.7516306844104355,
    "lion": 0.7712259181482111
  },
  "bird": {
    "cat": 0.754572905244774,
    "dog": 0.7130173904422398,
    "fish": 0.8137965762580328,
    "elephant": 0.7614289599381987,
    "tiger": 0.8060221397095155,
    "lion": 0.776746462294829
  },
  "fish": {
    "cat": 0.8667797068754268,
    "dog": 0.8291790640415067,
    "bird": 0.7350063614236982,
    "elephant": 0.8322156342041639,
    "tiger": 0.852995399578743,
    "lion": 0.8836332871518973
  },
  "elephant": {
    "cat": 0.808121080704462,
    "dog": 0.8417519293003046,
    "bird": 0.8026131370553814,
    "fish": 0.8861079210968854,
    "tiger": 0.8122679248716775,
    "lion": 0.8673781238120151,
    "tree": 0.7897726361945352
  },
  "tiger": {
    "cat": 0.7519796827120411,
    "dog": 0.7183239341033706,
    "bird": 0.8148498741454054,
    "fish": 0.8758070870224612,
    "elephant": 0.7025685619033529,
    "lion": 0.8337368401159285
  },
  "lion": {
    "cat": 0.7224839465087428,
    "dog": 0.719532674560555,
    "bird": 0.8372271473137424,
    "fish": 0.7498686171042093,
    "elephant": 0.741902642312932,
    "tiger": 0.8811372476276677
  },
  "red": {
    "blue": 0.7377786105927966,
    "green": 0.7269025260044947,
    "yellow": 0.7490538505844289,
    "purple": 0.8515856160644476,
    "orange": 0.8221441582896808,
    "brown": 0.7178268273885422,
    "angry": 0.5526325292591869
  },
  "blue": {
    "red": 0.7450078146139963,
    "green": 0.7640380596172525,
    "yellow": 0.7114020062652205,
    "purple": 0.7639041167076017,
    "orange": 0.8161451463107667,
    "brown": 0.8736454080019448,
    "calm": 0.5780454806718536
  },
  "green": {
    "red": 0.8053986628269469,
    "blue": 0.8189027379879782,
    "yellow": 0.8498451673682963,
    "purple": 0.8596130007985999,
    "orange": 0.8053092374422095,
    "brown": 0.7869109535227106,
    "nature": 0.7586150725906828
  },
  "yellow": {
    "red": 0.8334052204695308,
    "blue": 0.8661103834545693,
    "green": 0.8368918176592761,
    "purple": 0.8076155300593957,
    "orange": 0.8222629126094264,
    "brown": 0.7307063963164604
  },
  "purple": {
    "red": 0.7920170322492192,
    "blue": 0.7284602522316015,
    "green": 0.8490707146048965,
    "yellow": 0.8996956692930544,
    "orange": 0.863775626165091,
    "brown": 0.8294668712481965
  },
  "orange": {
    "red": 0.7137559694748249,
    "blue": 0.7778108708001723,
    "green": 0.8961993506460908,
    "yellow": 0.8284087413677472,
    "purple": 0.8861951620650772,
    "brown": 0.8723677860618348
  },
  "brown": {
    "red": 0.7963294532234703,
    "blue": 0.7875569924224,
    "green": 0.8199190297996772,
    "yellow": 0.8216315372138271,
    "purple": 0.7914920791657447,
    "orange": 0.7513077173291886
  },
  "happy": {
    "sad": 0.8649741069062826,
    "angry": 0.76000876907258,
    "excited": 0.7182593480634429,
    "calm": 0.7052162494885912,
    "nervous": 0.7524404961916489,
    "relaxed": 0.8187648408339283
  },
  "sad": {
    "happy": 0.8937081971692926,
    "angry": 0.8924012044507283,
    "excited": 0.8078310220615736,
    "calm": 0.8960312187454796,
    "nervous": 0.8028150432187824,
    "relaxed": 0.7810550492375778
  },
  "angry": {
    "happy": 0.8661403462469597,
    "sad": 0.7292075880821884,
    "excited": 0.8319918533563999,
    "calm": 0.8590355727158454,
    "nervous": 0.7634955222735147,
    "relaxed": 0.8997625068031995
  },
  "excited": {
    "happy": 0.8449565965263954,
    "sad": 0.7669725268064878,
    "angry": 0.8242396603014189,
    "calm": 0.7291187717707048,
    "nervous": 0.8275595556868502,
    "relaxed": 0.8418330692994563
  },
  "calm": {
    "happy": 0.7228604223336356,
    "sad": 0.8734012136746732,
    "angry": 0.8050643441535031,
    "excited": 0.8927870270706912,
    "nervous": 0.7544934872082061,
    "relaxed": 0.7026542974313588
  },
  "nervous": {
    "happy": 0.8945054354613358,
    "sad": 0.7192254730246299,
    "angry": 0.7024364735105662,
    "excited": 0.7022526458068822,
    "calm": 0.8238385644256441,
    "relaxed": 0.8105752993704918,
    "cat": 0.5712714819494129
  },
  "relaxed": {
    "happy": 0.8610191838124369,
    "sad": 0.7480563709528825,
    "angry": 0.8747968252419613,
    "excited": 0.7408525804387338,
    "calm": 0.7615237508926139,
    "nervous": 0.7701930080896816
  },
  "computer": {
    "phone": 0.8981263054502036,
    "internet": 0.7161300479057177,
    "software": 0.8673104414484131,
    "network": 0.8402399320933867,
    "database": 0.7489005044297163,
    "algorithm": 0.5297132505136819
  },
  "phone": {
    "computer": 0.7930536880302914,
    "internet": 0.8450296733106486,
    "software": 0.8837797944123891,
    "network": 0.7670418573901941,
    "database": 0.7633743562576503,
    "algorithm": 0.7587324372641869
  },
  "internet": {
    "computer": 0.7290719995385515,
    "phone": 0.7369970927627116,
    "software": 0.7748640937689194,
    "network": 0.7285875119490131,
    "database": 0.7933539109626919,
    "algorithm": 0.8275575943015716
  },
  "software": {
    "computer": 0.8955822163674424,
    "phone": 0.8423758028509206,
    "internet": 0.7948894237240265,
    "network": 0.7909175699729681,
    "database": 0.8521821757134229,
    "algorithm": 0.777458887024692
  },
  "network": {
    "computer": 0.7859127461035069,
    "phone": 0.7778900190884597,
    "internet": 0.6875905264710263,
    "software": 0.7554306124708475,
    "database": 0.8476001662991586,
    "algorithm": 0.8673415291855541
  },
  "database": {
    "computer": 0.7342638203051967,
    "phone": 0.8958813676703008,
    "internet": 0.7041408723219558,
    "software": 0.8635254263537713,
    "network": 0.8740922019488978,
    "algorithm": 0.8129170290662175
  },
  "algorithm": {
    "computer": 0.7018325175105633,
    "phone": 0.8158709991958664,
    "internet": 0.7519309537310508,
    "software": 0.8937579392157674,
    "network": 0.8842613870888147,
    "database": 0.8167623660970283
  },
  "tree": {
    "mountain": 0.7962380879017903,
    "river": 0.8217185977367133,
    "ocean": 0.8827734104147292,
    "forest": 0.861705038184952,
    "plant": 0.7831838967683306,
    "flower": 0.8590118135773475
  },
  "mountain": {
    "tree": 0.88530292237064,
    "river": 0.8794617708621105,
    "ocean": 0.883300602410344,
    "forest": 0.8419890436273485,
    "plant": 0.8412389169548073,
    "flower": 0.7285986442810117
  },
  "river": {
    "tree": 0.7006026369079688,
    "mountain": 0.8696194745465993,
    "ocean": 0.864512198415362,
    "forest": 0.7968890440271665,
    "plant": 0.8794260370504174,
    "flower": 0.7715962436232265,
    "blue": 0.764678183398646
  },
  "ocean": {
    "tree": 0.8569075813436559,
    "mountain": 0.8271636687816641,
    "river": 0.7359575145460465,
    "forest": 0.7825219782752264,
    "plant": 0.7752508648452194,
    "flower": 0.83940812221935
  },
  "forest": {
    "tree": 0.8011239290812135,
    "mountain": 0.8133918466647659,
    "river": 0.7479522166427643,
    "ocean": 0.7113570980647901,
    "plant": 0.8139293857682117,
    "flower": 0.8877834403330511
  },
  "plant": {
    "tree": 0.8339411241420188,
    "mountain": 0.8651001407761488,
    "river": 0.8319122410655204,
    "ocean": 0.7594943564540837,
    "forest": 0.8113801747931383,
    "flower": 0.7063447589392606
  },
  "flower": {
    "tree": 0.7297983866414925,
    "mountain": 0.7370525208108192,
    "river": 0.8631950898976141,
    "ocean": 0.7588125496766459,
    "forest": 0.8335938835683508,
    "plant": 0.7676486261924051
  },
  "batch_source_0": {
    "batch_target_0": 0.5,
    "batch_target_10": 0.525,
    "batch_target_20": 0.55,
    "batch_target_30": 0.575,